scenario,avg_pred,pct_change
baseline,14.004706999999991,
+10%_total,14.782059999999994,5.550655218991756
shift_20pct_newspaper_to_tv,14.258273999999993,1.8105841128986295
